countryorigin_iso3,tq,row_count,measure_sum
AFG,2015q3,3,567713
AFG,2015q4,2,20833
AGO,2015q3,4,11752842
AIA,2015q3,9,1429763
AIA,2015q4,17,4690247
ALB,2015q2,1,138212
ALB,2015q3,16,947695
ALB,2015q4,16,3269863
AND,2015q2,3,1551437
AND,2015q3,3,4748724
AND,2015q4,2,9928679
ANT,2015q1,19,40935635
ANT,2015q2,15,32456819
ANT,2015q3,22,215604087
ANT,2015q4,25,104866605
ARE,2015q1,607,11431551322
ARE,2015q2,706,5646696620
ARE,2015q3,893,8342974991
ARE,2015q4,645,4224540856
ARG,2015q1,186,2034265814
ARG,2015q2,218,881072869
ARG,2015q3,397,3759536666
ARG,2015q4,288,6538448145
ARM,2015q3,1,267772
ARM,2015q4,4,730770
ASM,2015q1,12,332513
ASM,2015q3,1,625411
ASM,2015q4,1,1617296
ATA,2015q3,1,594836
ATF,2015q3,1,2692682
ATG,2015q4,1,1309184
AUS,2015q1,4902,9928291626
AUS,2015q2,5208,11511142529
AUS,2015q3,6196,9507575278
AUS,2015q4,5801,9056357565
AUT,2015q1,381,277545663
AUT,2015q2,688,824561897
AUT,2015q3,1119,1197974124
AUT,2015q4,1226,1486336046
AZE,2015q1,1,2654770
AZE,2015q2,1,737227
AZE,2015q3,2,3200070
AZE,2015q4,1,403580
BEL,2015q1,2290,2570232723
BEL,2015q2,2710,3149865814
BEL,2015q3,3509,3726978977
BEL,2015q4,3390,4570742624
BEN,2015q4,1,30824
BGD,2015q1,893,389564423
BGD,2015q2,778,325632512
BGD,2015q3,773,461105608
BGD,2015q4,747,344143614
BGR,2015q1,74,309191343
BGR,2015q2,84,280645773
BGR,2015q3,90,234352255
BGR,2015q4,96,434577918
BHR,2015q1,6,16699764
BHR,2015q2,11,15861757
BHR,2015q3,21,35636458
BHR,2015q4,22,25480357
BIH,2015q1,2,2753530
BIH,2015q2,5,4924137
BIH,2015q3,6,18134163
BIH,2015q4,6,22461876
BLR,2015q1,3,102396905
BLR,2015q2,4,222415421
BLR,2015q3,13,109562693
BLR,2015q4,15,211811854
BLZ,2015q1,1,1271144
BLZ,2015q2,2,2582168
BLZ,2015q3,4,2929994
BLZ,2015q4,2,2478223
BOL,2015q2,1,78574
BOL,2015q3,2,1316648
BOL,2015q4,2,161439
BRA,2015q1,716,4499313946
BRA,2015q2,761,3148858224
BRA,2015q3,736,6820923903
BRA,2015q4,834,7734163603
BRB,2015q1,3,60665
BRB,2015q3,3,200872
BRB,2015q4,4,3743707
BRN,2015q1,8,34677023
BRN,2015q2,16,56541702
BRN,2015q3,24,150993342
BRN,2015q4,21,3955174
BWA,2015q3,2,55743
CAF,2015q3,1,443357
CAN,2015q1,1563,3910780984
CAN,2015q2,1817,6876432530
CAN,2015q3,2178,6559492894
CAN,2015q4,2342,4818628271
CHE,2015q1,2397,4472817400
CHE,2015q2,2678,4122182124
CHE,2015q3,3802,4317356162
CHE,2015q4,3712,4508985341
CHL,2015q1,174,433292326
CHL,2015q2,313,442740215
CHL,2015q3,150,259904669
CHL,2015q4,115,192302466
CHN,2015q1,109734,140597102378
CHN,2015q2,133022,137224103239
CHN,2015q3,168308,182891830633
CHN,2015q4,178562,190892099172
CIV,2015q2,2,3658244
CIV,2015q3,2,1050125
CIV,2015q4,7,5426055
CMR,2015q1,4,2280461
CMR,2015q2,2,1568342
CMR,2015q3,2,803306
CMR,2015q4,4,1801180
COL,2015q1,29,130765388
COL,2015q2,41,135296378
COL,2015q3,56,156803332
COL,2015q4,63,179615032
CPV,2015q4,1,10027
CRI,2015q1,10,37746448
CRI,2015q2,39,47649412
CRI,2015q3,116,64068811
CRI,2015q4,98,57784408
CUB,2015q1,1,2885740
CUB,2015q2,2,1654314
CUB,2015q3,8,41426937
CUB,2015q4,12,38305184
CXR,2015q3,2,902440
CXR,2015q4,1,791253
CYM,2015q1,6,712756
CYM,2015q2,3,7025857
CYM,2015q3,6,24391113
CYM,2015q4,7,30504538
CYP,2015q1,24,58004796
CYP,2015q2,34,31234896
CYP,2015q3,35,15858668
CYP,2015q4,45,34947300
CZE,2015q1,132,121007355
CZE,2015q2,321,361676507
CZE,2015q3,651,867501786
CZE,2015q4,688,922422007
DEU,2015q1,11403,17283603811
DEU,2015q2,15676,18648834361
DEU,2015q3,22194,30133419280
DEU,2015q4,22044,17974739036
DMA,2015q3,1,4406190
DNK,2015q1,967,1302171623
DNK,2015q2,1194,1099720654
DNK,2015q3,1395,1410792184
DNK,2015q4,1350,1659491398
DOM,2015q1,1,117658
DOM,2015q2,11,2846670
DOM,2015q3,12,1338150
DOM,2015q4,21,135364984
DZA,2015q3,2,147402169
DZA,2015q4,2,151096158
ECU,2015q1,5,2083741
ECU,2015q2,3,6726633
ECU,2015q3,22,96870123
ECU,2015q4,24,112615328
EGY,2015q1,36,53339281
EGY,2015q2,28,85756159
EGY,2015q3,53,61754221
EGY,2015q4,35,16881782
ESP,2015q1,2452,3940002886
ESP,2015q2,2955,5053260363
ESP,2015q3,2918,5411847703
ESP,2015q4,3178,4322128391
EST,2015q1,9,5236194
EST,2015q2,10,6846886
EST,2015q3,17,10638165
EST,2015q4,14,31993307
ETH,2015q1,8,19385379
ETH,2015q2,4,4626909
ETH,2015q3,6,7496956
ETH,2015q4,9,1535022
FIN,2015q1,565,1839871747
FIN,2015q2,679,2294855167
FIN,2015q3,755,2943145950
FIN,2015q4,758,1658748612
FJI,2015q1,1,473476
FJI,2015q2,2,513071
FJI,2015q3,2,39407
FJI,2015q4,2,47360332
FLK,2015q1,1,3056506
FRA,2015q1,3517,15418483255
FRA,2015q2,4861,6967073736
FRA,2015q3,6692,11988467037
FRA,2015q4,6530,10263891533
FRO,2015q1,1,1755256
FRO,2015q2,1,1964737
FRO,2015q3,2,3490717
FSM,2015q4,2,102154
GAB,2015q1,1,1580123
GAB,2015q3,4,7829157
GAB,2015q4,2,881001
GBR,2015q1,3872,3613514201
GBR,2015q2,5130,5712720951
GBR,2015q3,8046,7195072027
GBR,2015q4,8344,6182311622
GEO,2015q1,8,19303378
GEO,2015q2,19,17572626
GEO,2015q3,17,9676508
GEO,2015q4,17,11367989
GHA,2015q2,5,2163970
GHA,2015q3,5,480852
GHA,2015q4,4,17963031
GMB,2015q3,1,326710
GNQ,2015q1,1,103418
GRC,2015q1,49,78550603
GRC,2015q2,58,64854731
GRC,2015q3,61,120394065
GRC,2015q4,67,138973260
GRL,2015q2,2,2867563
GTM,2015q1,5,324567
GTM,2015q2,8,8740884
GTM,2015q3,13,23253026
GTM,2015q4,9,15890501
GUF,2015q2,1,29039
GUM,2015q1,72,4125960
GUM,2015q2,59,16918190
GUM,2015q3,118,25851070
GUM,2015q4,107,19794221
GUY,2015q1,1,14647583
GUY,2015q3,3,9131188
HKG,2015q1,12132,10106070971
HKG,2015q2,19371,14965857843
HKG,2015q3,35119,30660673952
HKG,2015q4,35212,30333437593
HND,2015q1,11,2806306
HND,2015q2,5,3973799
HND,2015q3,26,38806070
HND,2015q4,25,2711067
HRV,2015q1,17,60260365
HRV,2015q2,12,170970763
HRV,2015q3,55,30012042
HRV,2015q4,57,125571395
HTI,2015q1,4,474397
HTI,2015q3,1,46115
HTI,2015q4,2,144553
HUN,2015q1,66,123151777
HUN,2015q2,140,141405756
HUN,2015q3,324,101539245
HUN,2015q4,403,222910986
IDN,2015q1,8008,35717431606
IDN,2015q2,8169,40265286655
IDN,2015q3,9592,45549200628
IDN,2015q4,10050,41401926558
IND,2015q1,6833,15245769580
IND,2015q2,7151,12261233533
IND,2015q3,8641,18582860379
IND,2015q4,8178,18166978825
IOT,2015q2,1,326167
IRL,2015q1,480,1656032918
IRL,2015q2,530,1424859848
IRL,2015q3,1123,1355050355
IRL,2015q4,1176,1199223324
IRN,2015q1,31,464600937
IRN,2015q2,27,1223097790
IRN,2015q3,13,23502745
IRN,2015q4,18,10658017
IRQ,2015q2,1,180068
IRQ,2015q3,1,333495
ISL,2015q1,7,43502406
ISL,2015q2,2,9657721
ISL,2015q3,2,1778679
ISL,2015q4,15,6476669
ISR,2015q1,350,416630605
ISR,2015q2,657,1047623938
ISR,2015q3,1257,1319455171
ISR,2015q4,1139,1626024838
ITA,2015q1,4006,5274252202
ITA,2015q2,5111,5554118168
ITA,2015q3,6403,5444578014
ITA,2015q4,6194,8108693172
JAM,2015q1,4,5934606
JAM,2015q2,23,3304446
JAM,2015q3,6,2799041
JAM,2015q4,7,1906311
JOR,2015q1,12,61886142
JOR,2015q2,8,98852996
JOR,2015q3,10,102629455
JOR,2015q4,8,35133984
JPN,2015q1,34322,38812771914
JPN,2015q2,57505,44799078950
JPN,2015q3,128445,105858962864
JPN,2015q4,132103,115091693695
KAZ,2015q4,1,4141364
KEN,2015q1,3,253793655
KEN,2015q2,3,93250630
KEN,2015q3,23,58958495
KEN,2015q4,32,40074338
KGZ,2015q1,3,12627560
KGZ,2015q2,2,10325832
KGZ,2015q3,2,3914414
KHM,2015q1,394,118713620
KHM,2015q2,274,188146363
KHM,2015q3,483,239864555
KHM,2015q4,419,357859048
KIR,2015q3,3,23251743
KNA,2015q3,1,83070
KOR,2015q1,13800,43360543137
KOR,2015q2,20816,54880585970
KOR,2015q3,38302,86463291845
KOR,2015q4,39145,82102853072
KWT,2015q1,12,49399483
KWT,2015q2,10,4148084201
KWT,2015q3,13,20392828529
KWT,2015q4,33,26302240094
LAO,2015q1,2,518402
LAO,2015q2,4,4161497
LAO,2015q3,3,12530746
LAO,2015q4,1,4190
LBN,2015q1,20,8327844
LBN,2015q2,25,281180
LBN,2015q3,10,6755391
LBN,2015q4,13,4121163
LBR,2015q2,1,659593
LBR,2015q3,1,672929
LBY,2015q1,1,495947
LBY,2015q2,1,52124
LIE,2015q2,43,22768474
LIE,2015q3,174,47212563
LIE,2015q4,130,30485141
LKA,2015q1,180,608277582
LKA,2015q2,133,257089548
LKA,2015q3,185,103119352
LKA,2015q4,151,97437422
LSO,2015q1,2,1742543
LSO,2015q3,1,13160
LSO,2015q4,1,688955
LTU,2015q1,11,34612744
LTU,2015q2,23,72662757
LTU,2015q3,22,32439634
LTU,2015q4,26,50217150
LUX,2015q1,17,34344944
LUX,2015q2,12,6030055
LUX,2015q3,40,23383041
LUX,2015q4,58,25148551
LVA,2015q1,3,549004
LVA,2015q2,10,12431222
LVA,2015q3,5,4355250
LVA,2015q4,11,17072987
MAC,2015q1,126,325514785
MAC,2015q2,252,159424700
MAC,2015q3,177,205444238
MAC,2015q4,100,24773805
MANY,2015q1,6591,2628074491
MANY,2015q2,8060,3095080456
MANY,2015q3,9767,4466527678
MANY,2015q4,11734,5436554843
MAR,2015q1,10,15385069
MAR,2015q2,18,46486611
MAR,2015q3,97,45116201
MAR,2015q4,61,75724769
MCO,2015q4,1,61383
MDA,2015q1,10,35809962
MDA,2015q2,2,8242738
MDA,2015q3,2,3867852
MDG,2015q1,1,94603
MDG,2015q2,1,498476
MDG,2015q3,1,371375
MDG,2015q4,2,589930
MDV,2015q1,6,1664559
MDV,2015q2,2,929194
MDV,2015q3,4,1450424
MDV,2015q4,5,1053194
MEX,2015q1,325,627624321
MEX,2015q2,596,864127445
MEX,2015q3,1108,1172302290
MEX,2015q4,1176,1738528309
MHL,2015q1,8,67471273
MHL,2015q2,7,117417414
MHL,2015q3,6,10260404
MHL,2015q4,9,24856891
MKD,2015q3,1,86640
MKD,2015q4,2,194890
MLI,2015q3,2,481375
MLI,2015q4,5,1859300
MLT,2015q1,4,1477334
MLT,2015q2,30,33358472
MLT,2015q3,43,122684020
MLT,2015q4,38,89374051
MMR,2015q1,72,211581052
MMR,2015q2,64,298666842
MMR,2015q3,56,177486258
MMR,2015q4,69,157311926
MNG,2015q2,2,4073
MNG,2015q3,1,892
MNG,2015q4,3,12109756
MNP,2015q3,5,17850
MNP,2015q4,6,34731
MOZ,2015q1,5,21779176
MOZ,2015q2,8,21969059
MOZ,2015q3,7,27855411
MOZ,2015q4,6,17533356
MUS,2015q1,4,3076379
MUS,2015q2,9,5025476
MUS,2015q3,11,27703971
MUS,2015q4,12,29420528
MWI,2015q1,2,40566460
MWI,2015q2,9,17579524
MWI,2015q3,14,76554146
MWI,2015q4,9,46046939
MYS,2015q1,9872,42255779888
MYS,2015q2,12959,33549591914
MYS,2015q3,21222,43306841496
MYS,2015q4,20827,42629682032
NAM,2015q1,3,155180
NAM,2015q3,12,14308086
NAM,2015q4,8,9114315
NCL,2015q3,2,994870
NCL,2015q4,3,2920753
NER,2015q4,1,80418
NFK,2015q1,5,23513392
NFK,2015q2,3,5138558
NFK,2015q3,1,4086670
NFK,2015q4,1,8206372
NGA,2015q1,3,448317670
NGA,2015q2,6,810823474
NGA,2015q3,15,1141672855
NGA,2015q4,11,451301364
NIC,2015q1,2,1753665
NIC,2015q2,3,1963648
NIC,2015q3,7,3185203
NIC,2015q4,9,3949583
NLD,2015q1,2189,4907328727
NLD,2015q2,3101,5436519252
NLD,2015q3,4211,5680161009
NLD,2015q4,4357,6472621915
NOR,2015q1,368,527946521
NOR,2015q2,238,636464972
NOR,2015q3,281,376863598
NOR,2015q4,330,343632291
NPL,2015q3,6,692524
NPL,2015q4,5,51485
NRU,2015q3,1,150112
NTZ,2015q1,61,58460430
NTZ,2015q2,40,71804159
NTZ,2015q3,40,21773338
NTZ,2015q4,26,14575100
NZL,2015q1,1484,6525698691
NZL,2015q2,1470,6230960957
NZL,2015q3,1303,5087894324
NZL,2015q4,1341,4050201275
OMN,2015q1,62,240390298
OMN,2015q2,25,129701160
OMN,2015q3,41,84112147
OMN,2015q4,35,57672534
PAK,2015q1,486,1164066390
PAK,2015q2,322,1035845961
PAK,2015q3,334,1783649408
PAK,2015q4,368,1076006900
PAN,2015q1,6,4018916
PAN,2015q2,11,1708351
PAN,2015q3,18,2789033
PAN,2015q4,18,107013085
PER,2015q1,15,82112854
PER,2015q2,28,64814200
PER,2015q3,22,57168528
PER,2015q4,35,135736596
PLW,2015q3,1,654162
PNG,2015q1,34,879008556
PNG,2015q2,39,1013404405
PNG,2015q3,65,1123674554
PNG,2015q4,56,1546211051
POL,2015q1,144,443930106
POL,2015q2,250,299398354
POL,2015q3,458,390728554
POL,2015q4,414,286144194
PRI,2015q1,1,1345340
PRI,2015q2,3,10701128
PRI,2015q3,22,55089532
PRI,2015q4,43,108172819
PRK,2015q1,138,1155235850
PRK,2015q2,154,1623069933
PRK,2015q3,202,1251683652
PRK,2015q4,206,488968161
PRT,2015q1,85,32482413
PRT,2015q2,98,27541819
PRT,2015q3,192,95738785
PRT,2015q4,272,68708742
PRY,2015q1,1,1461760
PRY,2015q2,4,41841128
PRY,2015q3,3,7799480
PRY,2015q4,6,144158020
PYF,2015q1,1,359750
QAT,2015q1,88,9150584695
QAT,2015q2,82,10091029353
QAT,2015q3,96,7438887423
QAT,2015q4,113,3806632486
ROU,2015q1,27,53166097
ROU,2015q2,40,35369095
ROU,2015q3,99,69882647
ROU,2015q4,61,32106543
RUS,2015q1,57,8418215403
RUS,2015q2,104,7356561944
RUS,2015q3,149,5659047238
RUS,2015q4,91,11503134446
RWA,2015q3,1,58770
SAU,2015q1,196,28887788740
SAU,2015q2,153,58017821645
SAU,2015q3,132,45166931780
SAU,2015q4,121,26824370206
SDN,2015q3,1,1866505
SEN,2015q4,4,33022
SGP,2015q1,33753,47922905422
SGP,2015q2,46714,51145417814
SGP,2015q3,65063,64712088034
SGP,2015q4,62819,66319437226
SLB,2015q1,16,66447940
SLB,2015q2,14,21628540
SLB,2015q3,29,339868716
SLB,2015q4,33,170050897
SLE,2015q1,1,26537
SLE,2015q2,1,8974
SLE,2015q3,3,105698
SLE,2015q4,4,1422141
SLV,2015q1,10,4214590
SLV,2015q2,23,4052835
SLV,2015q3,54,3000805
SLV,2015q4,55,2484788
SRB,2015q2,4,922778
SRB,2015q3,2,10436379
SRB,2015q4,5,2793252
SUR,2015q4,1,1323213
SVK,2015q1,9,7170690
SVK,2015q2,36,44442742
SVK,2015q3,37,35847827
SVK,2015q4,70,31851600
SVN,2015q1,31,26214285
SVN,2015q2,51,62694017
SVN,2015q3,100,54175543
SVN,2015q4,124,117952026
SWE,2015q1,1508,1787642641
SWE,2015q2,1709,1428578572
SWE,2015q3,1980,1949306488
SWE,2015q4,1958,1525031026
SWZ,2015q2,1,3997960
SWZ,2015q3,1,782172
SWZ,2015q4,1,107599
SYC,2015q1,18,127908229
SYC,2015q2,8,63751695
SYC,2015q3,11,64895608
SYC,2015q4,7,28251825
SYR,2015q3,2,4372548
SYR,2015q4,2,161601
TCA,2015q1,3,1179955
TCA,2015q2,1,257393
TCA,2015q3,5,11668619
TCA,2015q4,5,153180
TCD,2015q1,1,1218043
TCD,2015q3,2,5103149
TGO,2015q3,1,3952233
TGO,2015q4,1,15445
THA,2015q1,15004,55159486010
THA,2015q2,17577,54408263773
THA,2015q3,27124,65627656768
THA,2015q4,27158,76944045323
TJK,2015q4,1,1683
TON,2015q3,2,11276837
TTO,2015q4,1,3761
TUN,2015q1,5,1558166
TUN,2015q2,5,8939309
TUN,2015q3,10,37124488
TUN,2015q4,11,38678418
TUR,2015q1,595,1151273781
TUR,2015q2,647,1048178217
TUR,2015q3,756,1348103610
TUR,2015q4,733,1752743550
TWN,2015q1,12933,45267627719
TWN,2015q2,17834,54377520333
TWN,2015q3,30781,77972760677
TWN,2015q4,31523,67355379220
TZA,2015q1,4,15381360
TZA,2015q2,5,27677277
TZA,2015q3,19,78452765
TZA,2015q4,5,17862816
UGA,2015q1,1,2308446
UGA,2015q2,3,765613
UGA,2015q3,1,51119
UGA,2015q4,1,3746
UKR,2015q1,121,2139947770
UKR,2015q2,122,888671729
UKR,2015q3,71,914019816
UKR,2015q4,177,3350729046
UMI,2015q4,1,153037
URY,2015q1,446,774957780
URY,2015q2,559,1044527093
URY,2015q3,779,1467503060
URY,2015q4,511,920415280
USA,2015q1,28149,49519502761
USA,2015q2,43692,62229399976
USA,2015q3,67794,89082158219
USA,2015q4,69624,90690074518
UZB,2015q2,2,1314503
VEN,2015q1,2,11727381
VEN,2015q3,1,2496
VEN,2015q4,2,80776
VGB,2015q1,10,6240624
VGB,2015q2,19,42392318
VGB,2015q3,9,5020216
VGB,2015q4,1,44470494
VIR,2015q1,2,2147612
VIR,2015q2,2,1612618
VIR,2015q3,1,29651
VIR,2015q4,2,805756
VNM,2015q1,4031,13696150315
VNM,2015q2,4981,19766179120
VNM,2015q3,8191,23031505755
VNM,2015q4,8304,25066567110
VUT,2015q3,3,62165546
VUT,2015q4,1,47690229
WSM,2015q4,1,26493
YEM,2015q2,1,168779
YEM,2015q4,3,163114
ZAF,2015q1,202,652523252
ZAF,2015q2,259,592767299
ZAF,2015q3,340,945248670
ZAF,2015q4,312,653652723
ZAR,2015q2,1,65285
ZAR,2015q3,4,182729512
ZAR,2015q4,2,3613885
ZMB,2015q1,2,8292766
ZMB,2015q2,4,26435395
ZMB,2015q3,6,32348410
ZMB,2015q4,8,75552495
ZWE,2015q1,4,25992484
ZWE,2015q2,3,12082231
ZWE,2015q3,6,43934402
ZWE,2015q4,2,10984853
